dec_time,idx_dec,win_pre,win_post,stimulus_min,stimulus_max,stimulus_mean,Vr_min,Vr_max,Vr_mean,Vh_min,Vh_max,Vh_mean,Ve_min,Ve_max,Ve_mean,G_min,G_max,G_mean,K_min,K_max,K_mean,Vk_min,Vk_max,Vk_mean,Vp_min,Vp_max,Vp_mean,swiadomosc_min,swiadomosc_max,swiadomosc_mean,myslenie_min,myslenie_max,myslenie_mean
12.0,120,1.0,1.0,2.7,3.2,2.927272727272728,2.5473205839256763,3.2746779182739725,2.914728602169352,0.0166759235271578,0.0291444526291807,0.02498789355003975,-0.0017802645919271,0.264163612320281,0.14270724858848233,0.0999999777714057,0.1000033540086085,0.10000166301224128,-0.0022253307399089,0.3302045154003513,0.1783840607356029,-0.0222533059958983,3.301934755126616,1.7837876979332974,2.7,3.2,2.927272727272728,-0.007057188538771,0.885032622033815,0.4789311062819101,0.0002694869988234,0.0090778192690803,0.0031668806295144726
17.2,172,1.0,1.0,2.7,2.7,2.700000000000001,2.629558147634933,2.8728367631565503,2.7114517294989424,-0.028768037904986,-0.0105933309718794,-0.01975817738875541,0.2050746987454957,0.3781999752631013,0.2232147472091362,0.1000025940494537,0.1000048369809933,0.10000282855873054,0.2563433734318696,0.4727499690788766,0.2790184340114202,2.5633636489868588,4.727374123555439,2.79010557378232,2.7,2.7,2.700000000000001,0.6958915657370992,1.2848950426759207,0.7588481689349951,-0.0005633759858397,0.0112341233186306,0.006129823847981192
22.4,224,1.0,1.0,2.0,2.5,2.1363636363636362,1.90192353566577,2.5334188223920453,2.128866378171945,-0.0696933984214416,-0.0541208720476763,-0.06207587166652046,0.1897309876933733,0.2181039621257605,0.19920951076721893,0.100002397639061,0.1000027611394632,0.10000253088588845,0.2371637346167167,0.2726299526572007,0.24901188845902364,2.3715781172209582,2.7262264164041534,2.4900557662673855,2.0,2.5,2.1363636363636362,0.4906884286656446,0.697081004430603,0.5498000393434218,-0.0676424169447364,-0.0351991598246417,-0.05103958669685877
27.6,276,1.0,1.0,2.0,2.0,2.0,1.8990585538400628,2.069036387206691,1.9790195715016323,-0.0971590825511383,-0.0864212605458757,-0.09180743628670197,0.1442342530594327,0.1599950134141773,0.15247590398921038,0.1000018174759985,0.1000020180817215,0.10000192192981183,0.1802928163242909,0.1999937667677217,0.19059487998651303,1.8028941074859632,1.999900476394872,1.9059121751312753,2.0,2.0,2.0,0.37800834030642,0.4177919383006257,0.3986842033075755,-0.1524424040770629,-0.1156496249845608,-0.13374521305938417
