dec_time,idx_dec,win_pre,win_post,stimulus_min,stimulus_max,stimulus_mean,Vr_min,Vr_max,Vr_mean,Vh_min,Vh_max,Vh_mean,Ve_min,Ve_max,Ve_mean,G_min,G_max,G_mean,K_min,K_max,K_mean,Vk_min,Vk_max,Vk_mean,Vp_min,Vp_max,Vp_mean,swiadomosc_min,swiadomosc_max,swiadomosc_mean,myslenie_min,myslenie_max,myslenie_mean
12.0,120,1.0,1.0,2.7,3.2,2.927272727272728,2.6171148837030307,3.2785326820865883,2.9167672879518247,0.0171512662816431,0.0294001960050771,0.025275465604786898,-0.0043834835318002,0.2606704819191692,0.139415127936964,0.0999999452762222,0.1000033090348119,0.10000162579313111,-0.0054793544147503,0.3258381023989615,0.174268909921205,-0.054793527332101,3.258380547969536,1.742637873730371,2.7,3.2,2.927272727272728,-0.0173767647501069,0.872579079549774,0.46704690452309233,0.000255314456375,0.0089666226178572,0.003058758580976923
17.2,172,1.0,1.0,2.7,2.7,2.700000000000001,2.610849039859251,2.7814087686221427,2.692285870891308,-0.0282814040158542,-0.0101272165358254,-0.01935610051822019,0.2095657663592004,0.3767774924032458,0.22243676661479347,0.1000026516115998,0.1000048183451135,0.10000282207480585,0.2619572079490005,0.4709718655040572,0.2780459582684918,2.619499872967744,4.7095894287179645,2.780381064951337,2.7,2.7,2.700000000000001,0.7136321261479304,1.279894147302283,0.7560820603169021,1.5802096234760377e-05,0.0115339949621089,0.006529411224038739
22.4,224,1.0,1.0,2.0,2.5,2.1363636363636362,1.896441336421947,2.594193461084994,2.1481803443925496,-0.0690108678694726,-0.0534215497124621,-0.06136086160222252,0.1849520566523458,0.2127714199513082,0.19891623689860377,0.1000023365425883,0.1000026953283793,0.10000252564206749,0.2311900708154323,0.2659642749391352,0.2486452961232547,2.3118442790525267,2.6595713178289646,2.486390082698823,2.0,2.5,2.1363636363636362,0.4771559753826801,0.6795511102730322,0.5483514277584515,-0.0660224326675874,-0.0339161831828481,-0.0495453102957244
27.6,276,1.0,1.0,2.0,2.0,2.0,1.8906906963937733,2.1434260469276456,1.990459379202904,-0.0968019301219044,-0.0859757286862401,-0.09140735769278069,0.1463250977023337,0.1607739607900919,0.15304178281341796,0.1000018440654428,0.1000020280059272,0.10000192816712054,0.1829063721279171,0.2009674509876149,0.1913022285167724,1.8290290072016355,2.0096364513969363,1.9129854002458957,2.0,2.0,2.0,0.3832351164983363,0.4205697065146464,0.400088979298366,-0.150986400296696,-0.1141505396819075,-0.13226579155116858
