dec_time,idx_dec,win_pre,win_post,stimulus_min,stimulus_max,stimulus_mean,Vr_min,Vr_max,Vr_mean,Vh_min,Vh_max,Vh_mean,Ve_min,Ve_max,Ve_mean,G_min,G_max,G_mean,K_min,K_max,K_mean,Vk_min,Vk_max,Vk_mean,Vp_min,Vp_max,Vp_mean,swiadomosc_min,swiadomosc_max,swiadomosc_mean,myslenie_min,myslenie_max,myslenie_mean
12.0,120,1.0,1.0,2.7,3.2,2.927272727272728,2.6631194374254936,3.2473956638399213,2.9251482198052603,0.0168331047865582,0.0292797596131156,0.025122352793195,-0.0014555587706537,0.2623442243769586,0.14155582958683552,0.0999999818253589,0.1000033305243112,0.10000165037717798,-0.0018194484633171,0.3279302804711982,0.1769447869835444,-0.0181944767609018,3.279194141298658,1.7693950192406793,2.7,3.2,2.927272727272728,-0.0057715182011262,0.8771709365129152,0.47446191738922733,0.0002811830723221,0.0090599710506845,0.0031217229131979187
17.2,172,1.0,1.0,2.7,2.7,2.700000000000001,2.548561440138568,2.799369410242757,2.702949878898394,-0.0286303441761121,-0.0103836708374905,-0.01963590089293303,0.2079278367628036,0.3757734289206664,0.2233475549544831,0.1000026306139932,0.100004805195503,0.10000282493714141,0.2599097959535045,0.469716786150833,0.2791844436931039,2.599026115233358,4.697038471001688,2.791765652739313,2.7,2.7,2.700000000000001,0.7089801901252035,1.276624302553872,0.7592605036212021,-0.0003762528475995,0.0113630920193491,0.006268135399042841
22.4,224,1.0,1.0,2.0,2.5,2.1363636363636362,1.9033987979768423,2.584569920671805,2.1272950517856053,-0.0696458297579175,-0.0539531627339693,-0.061908464993687747,0.1862240873589411,0.2173305722898169,0.20015825766271902,0.1000023527967492,0.1000027512118494,0.1000025394167109,0.2327801091986764,0.2716632153622711,0.25019782207839875,2.3277394486025718,2.7165574712091467,2.5019146052195786,2.0,2.5,2.1363636363636362,0.4792189306716973,0.6946968581187332,0.5520334905320917,-0.0674182339545051,-0.0348510647015658,-0.050649896595065316
27.6,276,1.0,1.0,2.0,2.0,2.0,1.925602993047752,2.0964436857516686,2.013262279451583,-0.0972484061419642,-0.0864364876546728,-0.09184168666982956,0.1461516547408352,0.1627616547797477,0.15341569782900108,0.10000184185915,0.1000020533351088,0.1000019379066202,0.182689568426044,0.2034520684746845,0.1917696222862513,1.826860693066348,2.034480878997408,1.9176590621922869,2.0,2.0,2.0,0.3819219298955542,0.4244898191543988,0.40114883424639464,-0.1525093969219699,-0.1155268678599108,-0.13367111860058556
